slug,repo_url,result,domain,build_type,iteration_count,total_steps,verify_calls,total_duration_ms,total_duration_min,blueprint_duration_ms,blueprint_duration_min,total_build_duration_ms,total_build_duration_min,total_smoke_duration_ms,total_review_duration_ms,gemini_prompt_tokens,gemini_completion_tokens,gemini_cost_usd,sonnet_prompt_tokens,sonnet_completion_tokens,sonnet_cost_usd,total_prompt_tokens,total_completion_tokens,total_cost_usd,blueprint_prompt_tokens,blueprint_completion_tokens,blueprint_cost_usd,agent_prompt_tokens,agent_completion_tokens,review_prompt_tokens,review_completion_tokens,summary_prompt_tokens,summary_completion_tokens,lesson_prompt_tokens,lesson_completion_tokens
21st-dev/1code,https://github.com/21st-dev/1code,SUCCESS,utilities,bun,1,23,9,1752576,29.21,42805,0.71,807185,13.45,7814,390452,585264,90390,0.094682,0,0,0.0,585264,90390,0.094682,32578,5015,0.005264,461161,26938,7088,40023,3421,4210,0,0
2dust/v2rayN,https://github.com/2dust/v2rayN,SUCCESS,utilities,dotnet,3,68,21,3349722,55.83,45413,0.76,765556,12.76,9775,807068,1381846,251895,0.238943,4286,1494,0.035268,1386132,253389,0.274211,19951,6989,0.004791,1227443,90452,17893,91488,5649,19019,4286,1494
AmanVarshney01/create-better-t-stack,https://github.com/AmanVarshney01/create-better-t-stack,SUCCESS,utilities,bun,1,5,2,418977,6.98,53630,0.89,187714,3.13,2879,75299,95495,21781,0.018262,0,0,0.0,95495,21781,0.018262,18241,4820,0.003752,62312,4660,1225,6737,820,2352,0,0
Automattic/harper,https://github.com/Automattic/harper,FAIL,utilities,cargo,3,43,19,7287489,121.46,51020,0.85,5285927,88.1,0,893066,761689,159438,0.139944,2677,1382,0.028761,764366,160820,0.168705,17207,6138,0.004176,607356,39832,16304,91603,1255,5615,2677,1382
BlankerL/DXY-COVID-19-Crawler,https://github.com/BlankerL/DXY-COVID-19-Crawler,SUCCESS,data-science,pip,1,9,4,394240,6.57,58736,0.98,56158,0.94,11013,101702,79693,25303,0.01809,0,0,0.0,79693,25303,0.01809,13021,4853,0.003243,64471,11575,2201,8875,0,0,0,0
BlinkDL/ChatRWKV,https://github.com/BlinkDL/ChatRWKV,FAIL,machine-learning,pip,3,52,18,2835015,47.25,50478,0.84,1015861,16.93,67129,640165,1033670,145334,0.161501,3119,1401,0.030372,1036789,146735,0.191873,20833,6383,0.004636,967400,70935,11131,63007,25448,2438,3119,1401
BradLarson/GPUImage2,https://github.com/BradLarson/GPUImage2,SUCCESS,mobile-development,swiftpm,1,13,3,579940,9.67,66794,1.11,144670,2.41,3030,126466,191410,33350,0.032481,0,0,0.0,191410,33350,0.032481,16263,5141,0.003683,146154,14650,1729,9467,0,0,0,0
CMU-Perceptual-Computing-Lab/openpose,https://github.com/CMU-Perceptual-Computing-Lab/openpose,SUCCESS,machine-learning,cmake,1,13,5,930397,15.51,42838,0.71,434085,7.23,2659,156431,385817,58633,0.062035,0,0,0.0,385817,58633,0.062035,23160,4939,0.004292,241307,17787,3239,20244,1442,5119,0,0
ComicSparks/jasmine,https://github.com/ComicSparks/jasmine,FAIL,mobile-development,flutter,3,55,25,6949607,115.83,64690,1.08,4081760,68.03,0,1142073,1872738,224078,0.276905,2474,1303,0.026967,1875212,225381,0.303872,18271,5568,0.004054,946217,76277,24426,98615,1458,4882,2474,1303
CorentinTh/it-tools,https://github.com/CorentinTh/it-tools,SUCCESS,web-development,npm,1,7,2,280820,4.68,35186,0.59,100384,1.67,508,42458,167516,19810,0.024676,0,0,0.0,167516,19810,0.024676,26341,5454,0.004816,139148,6656,1086,5249,0,0,0,0
DiUS/java-faker,https://github.com/DiUS/java-faker,SUCCESS,utilities,maven,2,35,8,1157805,19.3,62256,1.04,96391,1.61,357,240296,740251,110985,0.118419,2004,810,0.018162,742255,111795,0.136581,24137,5324,0.004543,547030,46103,3663,26668,7740,15601,2004,810
EsotericSoftware/spine-runtimes,https://github.com/EsotericSoftware/spine-runtimes,SUCCESS,game-development,cmake,1,11,4,537534,8.96,63155,1.05,142884,2.38,2809,143122,226558,31185,0.03513,0,0,0.0,226558,31185,0.03513,19972,4149,0.003657,164902,11652,2594,13348,0,0,0,0
FiloSottile/mkcert,https://github.com/FiloSottile/mkcert,SUCCESS,utilities,go-mod,1,2,1,121860,2.03,36560,0.61,26437,0.44,1918,21984,30510,10855,0.007393,0,0,0.0,30510,10855,0.007393,14310,4862,0.003376,15673,3465,527,2528,0,0,0,0
Flipper-XFW/Xtreme-Firmware,https://github.com/Flipper-XFW/Xtreme-Firmware,SUCCESS,systems-programming,scons,2,32,12,1320302,22.01,58152,0.97,178996,2.98,24873,420707,466654,83611,0.08011,1860,672,0.01566,468514,84283,0.09577,17608,4365,0.003507,434549,40863,7659,37020,0,0,1860,672
FormidableLabs/victory-native,https://github.com/FormidableLabs/victory-native,SUCCESS,mobile-development,yarn,1,10,5,934885,15.58,59937,1.0,309936,5.17,12827,313773,167778,42566,0.033804,0,0,0.0,167778,42566,0.033804,19556,5725,0.004246,140972,12171,2676,18716,0,0,0,0
FortAwesome/Font-Awesome,https://github.com/FortAwesome/Font-Awesome,SUCCESS,web-development,npm,1,3,1,167000,2.78,42853,0.71,26716,0.45,4222,49001,53279,13130,0.01058,0,0,0.0,53279,13130,0.01058,17993,4092,0.003436,34727,4202,559,4836,0,0,0,0
FuelLabs/fuel-core,https://github.com/FuelLabs/fuel-core,FAIL,systems-programming,cargo,3,22,7,3091802,51.53,36318,0.61,1118768,18.65,0,178402,336247,61366,0.058171,1471,1276,0.023553,337718,62642,0.081724,21099,4402,0.003871,268991,24892,3884,19829,0,0,1471,1276
GcsSloop/rclayout,https://github.com/GcsSloop/rclayout,SUCCESS,mobile-development,gradle,2,29,6,1663571,27.73,63566,1.06,172278,2.87,0,327163,820718,118108,0.129315,1101,630,0.012753,821819,118738,0.142068,28078,5774,0.005117,690233,57291,4811,32496,1595,4020,1101,630
Genymobile/scrcpy,https://github.com/Genymobile/scrcpy,SUCCESS,utilities,meson,1,7,3,531049,8.85,56987,0.95,265070,4.42,6274,93028,241157,24354,0.033857,0,0,0.0,241157,24354,0.033857,19058,4916,0.003872,94698,5863,1680,8875,0,0,0,0
GoogleCloudPlatform/PerfKitBenchmarker,https://github.com/GoogleCloudPlatform/PerfKitBenchmarker,SUCCESS,devops,pip,1,20,7,1128796,18.81,75223,1.25,277971,4.63,32747,451027,270277,62822,0.052157,0,0,0.0,270277,62822,0.052157,16679,5443,0.003845,249071,23991,4527,33388,0,0,0,0
HeyPuter/puter,https://github.com/HeyPuter/puter,SUCCESS,web-development,npm,2,22,10,6303931,105.07,49018,0.82,5535398,92.26,9650,331974,313505,84401,0.065111,967,614,0.012111,314472,85015,0.077222,18130,5137,0.003868,287494,38571,7881,40693,0,0,967,614
Humanizr/Humanizer,https://github.com/Humanizr/Humanizer,SUCCESS,utilities,dotnet,1,24,9,1617521,26.96,60238,1.0,329193,5.49,1694,416741,542022,103381,0.095555,0,0,0.0,542022,103381,0.095555,17574,5439,0.003933,447999,33812,6463,38526,11532,4058,0,0
IAmStoxe/wirehole,https://github.com/IAmStoxe/wirehole,SUCCESS,devops,docker-compose,1,3,1,224251,3.74,42280,0.7,86584,1.44,3786,47953,38187,13119,0.009066,0,0,0.0,38187,13119,0.009066,14166,4422,0.003185,23500,3632,521,5065,0,0,0,0
ImageOptim/ImageOptim,https://github.com/ImageOptim/ImageOptim,SUCCESS,utilities,make,2,25,11,1454503,24.24,49181,0.82,300788,5.01,2982,378091,293523,122204,0.078234,1565,719,0.01548,295088,122923,0.093714,12931,4898,0.003252,221409,50937,7405,47263,1253,5007,1565,719
IzzelAliz/Arclight,https://github.com/IzzelAliz/Arclight,FAIL,game-development,gradle,3,75,22,5806518,96.78,75986,1.27,2449748,40.83,0,1128387,1742621,285469,0.28845,3871,1374,0.032223,1746492,286843,0.320673,22311,6126,0.004681,1534500,109057,15713,102128,8552,20182,3871,1374
JideGuru/FlutterSocialAppUIKit,https://github.com/JideGuru/FlutterSocialAppUIKit,FAIL,mobile-development,pub,3,70,21,4715691,78.59,38980,0.65,1602010,26.7,783,962577,894869,252017,0.190294,3394,1264,0.029142,898263,253281,0.219436,11956,4350,0.002936,675329,82397,14655,77547,9512,26140,3394,1264
KaringX/karing,https://github.com/KaringX/karing,SUCCESS,utilities,flutter,1,18,8,1283453,21.39,80322,1.34,220568,3.68,0,419728,402626,89129,0.075914,0,0,0.0,402626,89129,0.075914,17387,8640,0.005195,288882,21253,8724,37222,2197,5328,0,0
Kong/kong,https://github.com/Kong/kong,SUCCESS,devops,go-mod,1,8,4,619382,10.32,55961,0.93,116454,1.94,5946,172324,200575,51097,0.040496,0,0,0.0,200575,51097,0.040496,23230,6990,0.005119,148879,16245,3161,19427,819,1699,0,0
KrauseFx/TSMessages,https://github.com/KrauseFx/TSMessages,SUCCESS,mobile-development,cocoapods,2,35,16,1678242,27.97,44552,0.74,466058,7.77,11659,416479,584505,108727,0.101941,1654,752,0.016242,586159,109479,0.118183,16502,5037,0.003665,446120,41575,10562,46521,0,0,1654,752
LAION-AI/Open-Assistant,https://github.com/LAION-AI/Open-Assistant,SUCCESS,machine-learning,poetry,2,23,11,1417539,23.63,34755,0.58,261542,4.36,16333,337733,505458,110714,0.094831,1281,718,0.014613,506739,111432,0.109444,21942,4092,0.003831,420120,31759,7449,37098,1705,4972,1281,718
ManimCommunity/manim,https://github.com/ManimCommunity/manim,FAIL,education,poetry,3,72,32,11895191,198.25,35720,0.6,9538851,158.98,74756,1015889,1599356,251945,0.260714,4395,1319,0.03297,1603751,253264,0.293684,21244,4886,0.004079,1472867,106403,31477,133421,0,0,4395,1319
MicaForEveryone/MicaForEveryone,https://github.com/MicaForEveryone/MicaForEveryone,FAIL,utilities,dotnet,3,75,12,2460359,41.01,51892,0.86,333368,5.56,0,392644,999137,218775,0.187424,4273,1408,0.033939,1003410,220183,0.221363,14590,5317,0.003586,889252,135339,9497,52545,649,1951,4273,1408
MojoJolo/textteaser,https://github.com/MojoJolo/textteaser,FAIL,machine-learning,sbt,3,75,19,4260562,71.01,51424,0.86,1413684,23.56,13278,866897,570856,213992,0.142682,3830,1362,0.03192,574686,215354,0.174602,9730,5083,0.003006,480543,89351,12049,75822,4437,13164,3830,1362
MrS0m30n3/youtube-dl-gui,https://github.com/MrS0m30n3/youtube-dl-gui,FAIL,utilities,setuptools,3,51,18,2148153,35.8,37798,0.63,155412,2.59,0,505867,723649,217659,0.159429,3136,1532,0.032388,726785,219191,0.191817,12645,5019,0.003272,492619,85295,10336,66020,6710,19706,3136,1532
Nekmo/dirhunt,https://github.com/Nekmo/dirhunt,SUCCESS,security,setuptools,1,9,3,368195,6.14,38679,0.64,26237,0.44,1881,95414,89937,30756,0.021296,0,0,0.0,89937,30756,0.021296,12346,4262,0.002939,65218,9649,1656,7912,648,2322,0,0
NilsIrl/dockerc,https://github.com/NilsIrl/dockerc,FAIL,systems-programming,zig,3,75,28,3299134,54.99,42218,0.7,584146,9.74,0,870247,1800303,270883,0.288384,4131,1441,0.034008,1804434,272324,0.322391,20987,6010,0.004503,1549523,96330,22221,90326,9746,13716,4131,1441
OpenGVLab/DragGAN,https://github.com/OpenGVLab/DragGAN,SUCCESS,machine-learning,setuptools,1,9,3,2011472,33.52,34020,0.57,1633732,27.23,68068,132759,55833,30622,0.017832,0,0,0.0,55833,30622,0.017832,10780,4485,0.002872,43616,11939,1437,14198,0,0,0,0
PaulRBerg/hardhat-template,https://github.com/PaulRBerg/hardhat-template,SUCCESS,utilities,npm,1,25,12,2298291,38.3,32482,0.54,1236866,20.61,11823,389958,266595,105373,0.068809,0,0,0.0,266595,105373,0.068809,11680,4350,0.002908,213776,27717,6365,42263,1347,3896,0,0
PhilJay/MPAndroidChart,https://github.com/PhilJay/MPAndroidChart,SUCCESS,mobile-development,gradle,2,36,15,2437367,40.62,61407,1.02,466727,7.78,0,668384,630873,167066,0.129914,1540,792,0.0165,632413,167858,0.146414,16913,6547,0.00431,518893,45950,10858,62206,4609,16357,1540,792
Qihoo360/poseidon,https://github.com/Qihoo360/poseidon,SUCCESS,security,gradle,3,41,20,2939710,49.0,67287,1.12,592780,9.88,4520,806756,782520,221405,0.166814,2035,1361,0.02652,784555,222766,0.193334,15627,7648,0.004622,509238,84608,14060,80799,2628,9751,2035,1361
Quick/Quick,https://github.com/Quick/Quick,SUCCESS,mobile-development,swiftpm,3,69,28,3752902,62.55,63792,1.06,547840,9.13,4182,1115719,1035568,267670,0.210625,3857,1395,0.032496,1039425,269065,0.243121,15982,3531,0.003011,940877,109934,18147,100436,8385,21378,3857,1395
RSSNext/Folo,https://github.com/RSSNext/Folo,SUCCESS,utilities,pnpm,1,9,4,1759340,29.32,135510,2.26,1173823,19.56,3075,202634,587481,40150,0.074808,0,0,0.0,587481,40150,0.074808,22305,5529,0.004442,155474,14736,3264,15136,640,187,0,0
Ranchero-Software/NetNewsWire,https://github.com/Ranchero-Software/NetNewsWire,SUCCESS,mobile-development,swiftpm,2,12,5,677153,11.29,58573,0.98,50826,0.85,1166,224330,229687,46943,0.041746,786,606,0.011448,230473,47549,0.053194,22455,5378,0.004397,203586,20217,3646,21348,0,0,786,606
ReactiveX/RxJava,https://github.com/ReactiveX/RxJava,SUCCESS,utilities,gradle,2,47,17,4227790,70.46,51747,0.86,1950549,32.51,0,0,1204465,178389,0.191802,1858,757,0.016929,1206323,179146,0.208731,21199,4804,0.004041,851034,57390,9904,68528,11916,17794,1858,757
SeleniumHQ/selenium,https://github.com/SeleniumHQ/selenium,SUCCESS,utilities,bazel,1,15,4,1332540,22.21,65706,1.1,768181,12.8,9736,147373,291753,48232,0.048468,0,0,0.0,291753,48232,0.048468,25931,6543,0.00521,223590,17769,3022,15940,589,2798,0,0
ShareX/ShareX,https://github.com/ShareX/ShareX,FAIL,utilities,dotnet,3,77,8,3231077,53.85,58585,0.98,3001,0.05,0,617990,1277129,283756,0.241215,5089,1339,0.035352,1282218,285095,0.276567,19104,5797,0.004229,1250137,221099,6221,52812,556,1759,5089,1339
StartBootstrap/startbootstrap-simple-sidebar,https://github.com/StartBootstrap/startbootstrap-simple-sidebar,SUCCESS,web-development,npm,2,13,4,677609,11.29,42968,0.72,72841,1.21,6578,363727,151970,32598,0.028236,829,597,0.011442,152799,33195,0.039678,16593,3271,0.002968,133454,14322,1923,15005,0,0,829,597
TEN-framework/ten-framework,https://github.com/TEN-framework/ten-framework,SUCCESS,machine-learning,gn,3,53,17,3205136,53.42,91649,1.53,616985,10.28,39132,908915,1214355,229550,0.213255,3459,1388,0.031197,1217814,230938,0.244452,19284,6274,0.004438,934098,90558,13742,94693,2945,7533,3459,1388
Tencent/wujie,https://github.com/Tencent/wujie,SUCCESS,web-development,npm,2,29,11,2015725,33.6,52562,0.88,528000,8.8,41767,361986,392578,94147,0.076917,1559,661,0.014592,394137,94808,0.091509,14264,7192,0.004303,287332,28324,8022,41529,1240,3939,1559,661
TheAlgorithms/C-Plus-Plus,https://github.com/TheAlgorithms/C-Plus-Plus,SUCCESS,education,cmake,1,8,3,551507,9.19,39533,0.66,273045,4.55,13192,116130,85353,31322,0.021064,0,0,0.0,85353,31322,0.021064,14931,4111,0.003138,68751,12746,1671,14465,0,0,0,0
Theano/Theano,https://github.com/Theano/Theano,FAIL,machine-learning,setuptools,3,46,16,2137119,35.62,43410,0.72,636463,10.61,15637,573338,540837,121982,0.102876,1970,1318,0.02568,542807,123300,0.128556,13866,4621,0.003235,483091,45008,9422,62749,16417,2594,1970,1318
TianZerL/Anime4KCPP,https://github.com/TianZerL/Anime4KCPP,SUCCESS,scientific-computing,cmake,1,7,3,446569,7.44,49805,0.83,117307,1.96,2872,124174,100831,24510,0.019887,0,0,0.0,100831,24510,0.019887,14423,3921,0.003011,61429,4916,1966,10196,682,2325,0,0
TimOliver/TOCropViewController,https://github.com/TimOliver/TOCropViewController,SUCCESS,mobile-development,carthage,1,7,2,357692,5.96,41573,0.69,138677,2.31,18634,58722,75852,20278,0.015696,0,0,0.0,75852,20278,0.015696,12615,4485,0.003056,46279,7490,1097,6278,0,0,0,0
XUANTIE-RV/wujian100_open,https://github.com/XUANTIE-RV/wujian100_open,FAIL,systems-programming,make,3,63,21,3903918,65.07,49275,0.82,838841,13.98,0,924765,1572269,248437,0.256602,3062,1428,0.030606,1575331,249865,0.287208,18141,5092,0.003851,1000240,97921,15501,85851,2186,7358,3062,1428
aFarkas/html5shiv,https://github.com/aFarkas/html5shiv,SUCCESS,web-development,grunt,1,2,1,160215,2.67,50838,0.85,38038,0.63,2657,32542,14160,9379,0.005168,0,0,0.0,14160,9379,0.005168,8873,3939,0.002463,4724,2525,563,2915,0,0,0,0
adamwdraper/Numeral-js,https://github.com/adamwdraper/Numeral-js,FAIL,utilities,npm,3,62,29,4194722,69.91,40194,0.67,1107578,18.46,97954,1510066,835684,255955,0.18595,2932,1268,0.027816,838616,257223,0.213766,16563,3965,0.003242,793220,106695,15924,140960,0,0,2932,1268
addyosmani/essential-js-design-patterns,https://github.com/addyosmani/essential-js-design-patterns,SUCCESS,education,grunt,2,49,24,2393240,39.89,46576,0.78,420050,7.0,854,664640,1167406,209981,0.200733,1884,675,0.015777,1169290,210656,0.21651,23503,6921,0.005119,1048690,78041,14214,73398,1301,5259,1884,675
advimman/lama,https://github.com/advimman/lama,SUCCESS,machine-learning,pip,1,7,3,437376,7.29,42069,0.7,83674,1.39,0,163375,124160,32930,0.025588,0,0,0.0,124160,32930,0.025588,15708,4306,0.003293,70563,8553,2345,17371,0,0,0,0
ageitgey/face_recognition,https://github.com/ageitgey/face_recognition,FAIL,machine-learning,setuptools,3,48,18,9066460,151.11,26226,0.44,6752465,112.54,10670,468166,737165,140777,0.130027,3114,1358,0.029712,740279,142135,0.159739,10950,3487,0.00249,328595,56350,12317,61271,684,2400,3114,1358
aksakalli/gtop,https://github.com/aksakalli/gtop,SUCCESS,utilities,npm,1,11,5,572985,9.55,47395,0.79,81235,1.35,5424,227780,54903,42570,0.022518,0,0,0.0,54903,42570,0.022518,9085,5343,0.003046,40546,11642,2982,20021,699,2158,0,0
alainm23/planify,https://github.com/alainm23/planify,FAIL,utilities,meson,3,38,15,1998666,33.31,58248,0.97,309815,5.16,0,467806,677911,207849,0.150931,2948,1426,0.030234,680859,209275,0.181165,17239,5060,0.003748,568077,73477,10444,63898,7863,22986,2948,1426
alibaba/compileflow,https://github.com/alibaba/compileflow,SUCCESS,utilities,maven,1,7,3,676032,11.27,42554,0.71,357325,5.96,7820,120763,88449,31419,0.021413,0,0,0.0,88449,31419,0.021413,22259,5225,0.004316,62060,5867,1443,13021,1412,4446,0,0
amruthpillai/reactive-resume,https://github.com/amruthpillai/reactive-resume,SUCCESS,web-development,npm,1,9,4,1520300,25.34,34101,0.57,1185968,19.77,39918,147960,238448,33600,0.037285,0,0,0.0,238448,33600,0.037285,28687,4293,0.004586,206421,11024,3340,18283,0,0,0,0
an-anime-team/an-anime-game-launcher,https://github.com/an-anime-team/an-anime-game-launcher,SUCCESS,utilities,cargo,2,32,13,2595068,43.25,32783,0.55,1194825,19.91,11444,473768,744215,143020,0.13163,1988,711,0.016629,746203,143731,0.148259,22105,3959,0.003794,614939,55251,8904,53726,662,2520,1988,711
anoma/anoma,https://github.com/anoma/anoma,FAIL,systems-programming,mix,3,55,21,8038170,133.97,36847,0.61,5510296,91.84,0,948688,1308921,213725,0.216382,3226,1432,0.031158,1312147,215157,0.24754,17311,4084,0.003365,797743,65343,16409,99435,12535,9428,3226,1432
anomalyco/opencode,https://github.com/anomalyco/opencode,SUCCESS,utilities,bun,1,3,1,218881,3.65,45668,0.76,94269,1.57,1407,19217,48011,12792,0.009918,0,0,0.0,48011,12792,0.009918,16562,6001,0.004057,30820,4523,629,2268,0,0,0,0
ant-design/ant-design,https://github.com/ant-design/ant-design,SUCCESS,web-development,npm,1,12,5,1394094,23.23,29721,0.5,987902,16.47,1859,116245,268850,50160,0.046949,0,0,0.0,268850,50160,0.046949,19415,3753,0.003443,200330,17493,3343,16755,4487,2977,0,0
antonioribeiro/google2fa,https://github.com/antonioribeiro/google2fa,SUCCESS,security,composer,2,50,19,2390981,39.85,44433,0.74,348091,5.8,12997,941769,1083304,184626,0.182181,1901,727,0.016608,1085205,185353,0.198789,12299,5338,0.003365,460965,64465,11041,93694,1205,3811,1901,727
apache/cassandra,https://github.com/apache/cassandra,SUCCESS,systems-programming,ant,3,33,13,1905605,31.76,52752,0.88,335698,5.59,1135,548322,1160270,125931,0.166399,2314,1310,0.026592,1162584,127241,0.192991,19767,5753,0.004278,762711,39139,8542,47703,30199,5297,2314,1310
apache/maven,https://github.com/apache/maven,SUCCESS,devops,maven,2,33,14,2262375,37.71,81996,1.37,437871,7.3,1166,632085,1030216,128801,0.154542,1319,664,0.013917,1031535,129465,0.168459,25810,5766,0.004887,546515,43278,11928,53800,662,1916,1319,664
apache/opendal,https://github.com/apache/opendal,SUCCESS,systems-programming,cargo,2,40,16,4213980,70.23,64917,1.08,2038116,33.97,27280,806814,1250701,175503,0.195271,1961,693,0.016278,1252662,176196,0.211549,17588,7439,0.004734,659439,58713,16920,66205,7791,16374,1961,693
apple/ml-fastvit,https://github.com/apple/ml-fastvit,FAIL,machine-learning,pip,3,71,31,4262975,71.05,39701,0.66,1471113,24.52,42550,1334983,1151631,216605,0.201805,3701,1469,0.033138,1155332,218074,0.234943,18773,3698,0.003357,1076100,90818,19449,120301,0,0,3701,1469
apple/swift-protobuf,https://github.com/apple/swift-protobuf,SUCCESS,utilities,swiftpm,1,5,2,798596,13.31,29648,0.49,602047,10.03,8746,56747,119710,20998,0.02037,0,0,0.0,119710,20998,0.02037,31652,3530,0.004577,67688,9870,1173,5386,0,0,0,0
armcha/Space-Navigation-View,https://github.com/armcha/Space-Navigation-View,SUCCESS,mobile-development,gradle,1,14,5,739239,12.32,64463,1.07,88153,1.47,0,277130,156029,55968,0.03799,0,0,0.0,156029,55968,0.03799,12292,5668,0.003496,121081,16592,3787,23741,568,1435,0,0
atom/atom,https://github.com/atom/atom,FAIL,utilities,npm,3,63,29,7838279,130.64,58020,0.97,4254660,70.91,0,1104035,2831581,306534,0.405772,3072,1424,0.030576,2834653,307958,0.436348,34185,7290,0.006334,1335153,84921,17839,103721,17415,37275,3072,1424
auto-ssl/lua-resty-auto-ssl,https://github.com/auto-ssl/lua-resty-auto-ssl,SUCCESS,security,luarocks,1,6,3,374618,6.24,37728,0.63,89906,1.5,2611,94209,85023,32356,0.021445,0,0,0.0,85023,32356,0.021445,13378,5342,0.003475,46263,10445,1630,11014,0,0,0,0
axiaoxin-com/investool,https://github.com/axiaoxin-com/investool,SUCCESS,data-science,go-mod,1,3,1,224353,3.74,56124,0.94,58648,0.98,1848,66408,86049,13748,0.014104,0,0,0.0,86049,13748,0.014104,26033,7117,0.00545,59482,2486,534,4145,0,0,0,0
babel/babel,https://github.com/babel/babel,FAIL,web-development,yarn,3,75,32,3626726,60.45,36608,0.61,532557,8.88,0,1141629,1774648,291295,0.293983,3983,1456,0.033789,1778631,292751,0.327772,35475,3968,0.005135,1570621,98904,19253,117485,2658,7335,3983,1456
backup/backup,https://github.com/backup/backup,SUCCESS,utilities,bundler,1,9,4,597825,9.96,75507,1.26,133703,2.23,888,168963,92306,45982,0.027623,0,0,0.0,92306,45982,0.027623,12681,6883,0.004021,62595,12844,2166,18378,0,0,0,0
baiy/Ctool,https://github.com/baiy/Ctool,FAIL,utilities,pnpm,3,45,17,2380146,39.67,71915,1.2,84467,1.41,0,729938,672047,184711,0.141089,2335,1261,0.02592,674382,185972,0.167009,17737,6266,0.00428,623731,63907,10912,76177,561,1804,2335,1261
base/node,https://github.com/base/node,SUCCESS,devops,docker,1,9,4,1185383,19.76,71854,1.2,832428,13.87,4453,123066,99087,28708,0.021392,0,0,0.0,99087,28708,0.021392,14674,6800,0.004187,82936,11136,1477,10772,0,0,0,0
basecamp/local_time,https://github.com/basecamp/local_time,SUCCESS,web-development,bundler,2,42,15,1498393,24.97,50874,0.85,274420,4.57,5493,504476,879515,139725,0.143842,1733,714,0.015909,881248,140439,0.159751,23389,5972,0.004728,816008,40873,11114,66256,621,1803,1733,714
bchavez/Bogus,https://github.com/bchavez/Bogus,SUCCESS,utilities,dotnet,1,9,4,752335,12.54,76034,1.27,270653,4.51,7819,193051,165699,46708,0.035253,0,0,0.0,165699,46708,0.035253,17715,7358,0.004715,120749,12983,3417,19581,0,0,0,0
benvinegar/counterscale,https://github.com/benvinegar/counterscale,SUCCESS,web-development,pnpm,2,34,12,1423709,23.73,41799,0.7,238424,3.97,576,406150,1724301,124999,0.22243,1991,620,0.015273,1726292,125619,0.237703,12955,5411,0.00346,1486739,38500,8168,51109,146406,5382,1991,620
bilibili/DanmakuFlameMaster,https://github.com/bilibili/DanmakuFlameMaster,SUCCESS,mobile-development,gradle,2,33,14,2090732,34.85,55850,0.93,354277,5.9,0,639236,505783,163479,0.11597,1893,662,0.015609,507676,164141,0.131579,14115,5144,0.003469,392887,44710,11464,62570,4781,15601,1893,662
biliup/biliup,https://github.com/biliup/biliup,FAIL,utilities,cargo,3,60,27,9198102,153.3,74992,1.25,6056435,100.94,0,1069054,1281087,268846,0.235647,2982,1409,0.030081,1284069,270255,0.265728,16685,8205,0.004951,1097922,111327,34387,98792,3146,9514,2982,1409
biopython/biopython,https://github.com/biopython/biopython,FAIL,scientific-computing,setuptools,3,45,20,3484410,58.07,54505,0.91,1468711,24.48,75743,824868,1150034,171712,0.183688,3059,1366,0.029667,1153093,173078,0.213355,20285,5224,0.004118,746018,59853,13324,85435,3274,9991,3059,1366
bluefireteam/photo_view,https://github.com/bluefireteam/photo_view,SUCCESS,mobile-development,pub,1,3,1,705233,11.75,45033,0.75,550085,9.17,8259,32929,22484,11457,0.006831,0,0,0.0,22484,11457,0.006831,10055,3747,0.002504,11690,4449,739,3261,0,0,0,0
browser-use/browser-use,https://github.com/browser-use/browser-use,FAIL,utilities,npm,3,75,30,4210950,70.18,69460,1.16,1447722,24.13,74299,1047916,2340456,318075,0.361276,4140,1446,0.03411,2344596,319521,0.395386,20287,6748,0.004728,2100316,151389,55779,128525,17578,10448,4140,1446
brucefan1983/CUDA-Programming,https://github.com/brucefan1983/CUDA-Programming,SUCCESS,education,none,1,7,3,585860,9.76,57342,0.96,320022,5.33,11128,97277,84834,28480,0.019875,0,0,0.0,84834,28480,0.019875,12689,5363,0.003414,48898,5406,1554,12793,0,0,0,0
carbon-app/carbon,https://github.com/carbon-app/carbon,SUCCESS,web-development,yarn,1,13,6,2147600,35.79,55171,0.92,1370821,22.85,12392,274829,284814,71463,0.057067,0,0,0.0,284814,71463,0.057067,21094,6255,0.004611,226768,17498,3679,26429,5837,8295,0,0
castwide/solargraph,https://github.com/castwide/solargraph,SUCCESS,utilities,bundler,1,13,6,1281269,21.35,44675,0.74,614196,10.24,4141,251658,266230,50497,0.046822,0,0,0.0,266230,50497,0.046822,17099,4992,0.003707,163640,12709,4043,18895,701,2175,0,0
certsocietegenerale/FIR,https://github.com/certsocietegenerale/FIR,FAIL,security,pip,3,59,28,3846786,64.11,48334,0.81,928019,15.47,10144,1195283,896969,291295,0.206215,2763,1302,0.027819,899732,292597,0.234034,14372,5615,0.003683,777321,74033,21794,132312,2547,9771,2763,1302
chaostoolkit/chaostoolkit,https://github.com/chaostoolkit/chaostoolkit,SUCCESS,devops,pdm,1,23,11,1880543,31.34,81158,1.35,745113,12.42,18842,403246,306668,98299,0.069986,0,0,0.0,306668,98299,0.069986,11940,6299,0.003714,231656,31235,9104,40767,627,2385,0,0
chrisbenincasa/tunarr,https://github.com/chrisbenincasa/tunarr,SUCCESS,web-development,npm,1,12,5,1124901,18.75,298861,4.98,373761,6.23,8691,159770,269974,57194,0.049875,0,0,0.0,269974,57194,0.049875,18958,6804,0.004617,182606,18043,5821,21420,1491,4699,0,0
christinecha/choreographer-js,https://github.com/christinecha/choreographer-js,SUCCESS,web-development,npm,1,5,2,193897,3.23,35914,0.6,21643,0.36,4932,48361,41266,18928,0.011698,0,0,0.0,41266,18928,0.011698,11834,3636,0.002638,26611,6458,1228,6224,0,0,0,0
cirruslabs/tart,https://github.com/cirruslabs/tart,FAIL,systems-programming,swiftpm,3,43,17,4483197,74.72,39644,0.66,2873545,47.89,0,561858,639701,137180,0.118842,1692,1298,0.024546,641393,138478,0.143388,16844,4450,0.003464,570692,50658,11198,61726,1100,1343,1692,1298
cjhutto/vaderSentiment,https://github.com/cjhutto/vaderSentiment,FAIL,machine-learning,setuptools,3,47,19,2142839,35.71,45870,0.76,132934,2.22,12077,862790,520427,153585,0.113477,3251,1369,0.030288,523678,154954,0.143765,15270,4706,0.003409,495495,69284,8846,77640,0,0,3251,1369
clementchadebec/benchmark_VAE,https://github.com/clementchadebec/benchmark_VAE,FAIL,machine-learning,pip,3,57,24,12102498,201.71,120234,2.0,9863044,164.38,125290,1039670,713220,165864,0.137668,3253,1375,0.030384,716473,167239,0.168052,15905,3435,0.002965,672910,57867,13381,102407,0,0,3253,1375
coleam00/mcp-crawl4ai-rag,https://github.com/coleam00/mcp-crawl4ai-rag,SUCCESS,machine-learning,poetry,3,30,13,8673538,144.56,38495,0.64,7421735,123.7,38736,517763,399952,97264,0.078901,2190,1315,0.026295,402142,98579,0.105196,17854,4264,0.003491,375325,38559,6773,54441,0,0,2190,1315
commaai/openpilot,https://github.com/commaai/openpilot,SUCCESS,systems-programming,scons,3,74,30,7311839,121.86,35715,0.6,3922857,65.38,5280,1581318,2219129,337948,0.357092,4091,1369,0.032808,2223220,339317,0.3899,20965,3976,0.003687,1447013,86206,25174,172795,6355,15644,4091,1369
commanded/commanded,https://github.com/commanded/commanded,SUCCESS,utilities,mix,1,14,6,694142,11.57,73000,1.22,52929,0.88,1019,298170,222463,53690,0.043722,0,0,0.0,222463,53690,0.043722,18100,6404,0.004372,193758,17189,5156,25647,0,0,0,0
coollabsio/coolify,https://github.com/coollabsio/coolify,SUCCESS,devops,composer,2,50,21,3569413,59.49,53562,0.89,1287474,21.46,18281,897763,1356403,208496,0.219039,1959,701,0.016392,1358362,209197,0.235431,19592,4442,0.003736,902710,54465,14145,89019,11953,22031,1959,701
cuemacro/findatapy,https://github.com/cuemacro/findatapy,SUCCESS,data-science,setuptools,2,22,8,1758914,29.32,58153,0.97,1003750,16.73,49656,287077,273788,54357,0.049122,1208,680,0.013824,274996,55037,0.062946,15772,5544,0.003795,234897,18476,4536,28212,0,0,1208,680
daytonaio/daytona,https://github.com/daytonaio/daytona,SUCCESS,devops,go-mod,1,3,1,651029,10.85,48860,0.81,475393,7.92,6030,71300,58614,10744,0.010159,0,0,0.0,58614,10744,0.010159,19197,3923,0.003489,38765,2135,652,4686,0,0,0,0
deepcharles/ruptures,https://github.com/deepcharles/ruptures,FAIL,machine-learning,setuptools,3,75,32,4362989,72.72,33397,0.56,1885669,31.43,95698,897453,908239,223204,0.180106,4096,1404,0.033348,912335,224608,0.213454,13498,4087,0.002985,824018,89893,22088,103329,552,2540,4096,1404
deepseek-ai/DeepSeek-V2,https://github.com/deepseek-ai/DeepSeek-V2,FAIL,machine-learning,none,3,69,32,10845716,180.76,46731,0.78,7919093,131.98,203146,1113522,1653910,234750,0.259291,3583,1407,0.031854,1657493,236157,0.291145,26428,4515,0.004449,1597808,115302,20152,112815,0,0,3583,1407
deepseek-ai/DeepSeek-V3,https://github.com/deepseek-ai/DeepSeek-V3,SUCCESS,machine-learning,pip,1,7,3,745062,12.42,50943,0.85,503495,8.39,4274,122816,59765,22661,0.015041,0,0,0.0,59765,22661,0.015041,12215,5852,0.003562,45735,4674,1815,12135,0,0,0,0
demopark/electron-api-demos-Zh_CN,https://github.com/demopark/electron-api-demos-Zh_CN,FAIL,education,npm,3,68,29,3490454,58.17,46849,0.78,469069,7.82,0,1078189,957035,342767,0.23281,3423,1412,0.031449,960458,344179,0.264259,11280,5777,0.003439,682643,137968,23638,129613,3627,12351,3423,1412
dlt-hub/dlt,https://github.com/dlt-hub/dlt,FAIL,data-science,pip,3,61,27,5664927,94.42,41039,0.68,3386064,56.43,105152,902627,1227419,199611,0.202586,3148,1319,0.029229,1230567,200930,0.231815,19608,4126,0.003611,1055198,76348,20646,93298,686,1794,3148,1319
docker-easyconnect/docker-easyconnect,https://github.com/docker-easyconnect/docker-easyconnect,SUCCESS,devops,docker,2,50,17,2973107,49.55,86589,1.44,969111,16.15,51584,683161,970188,188364,0.172364,1925,707,0.01638,972113,189071,0.188744,14014,6971,0.00419,812618,81632,20490,67425,8751,16369,1925,707
docker/compose,https://github.com/docker/compose,SUCCESS,devops,go-mod,1,5,1,281437,4.69,56025,0.93,106674,1.78,6831,25695,124576,15026,0.018468,0,0,0.0,124576,15026,0.018468,30987,3906,0.004661,92914,8806,675,2314,0,0,0,0
dotenvx/dotenvx,https://github.com/dotenvx/dotenvx,SUCCESS,security,npm,1,3,1,315073,5.25,49829,0.83,192879,3.21,4806,34949,65460,12085,0.01138,0,0,0.0,65460,12085,0.01138,21105,5257,0.004213,43889,3217,466,3611,0,0,0,0
drewm/mailchimp-api,https://github.com/drewm/mailchimp-api,SUCCESS,web-development,composer,3,48,20,2017770,33.63,51645,0.86,67550,1.13,1167,753121,499389,262091,0.154775,2499,1316,0.027237,501888,263407,0.182012,12043,5784,0.003518,431379,83782,12287,110412,11794,24495,2499,1316
duckdb/duckdb,https://github.com/duckdb/duckdb,FAIL,systems-programming,cmake,3,30,14,8257745,137.63,27409,0.46,7209874,120.16,0,377218,560807,97119,0.094928,1597,1359,0.025176,562404,98478,0.120104,33719,3476,0.004762,515603,43830,9471,46966,0,0,1597,1359
egametang/ET,https://github.com/egametang/ET,SUCCESS,game-development,none,2,42,11,1644177,27.4,38189,0.64,201713,3.36,5345,348333,1149547,131627,0.167605,2165,763,0.01794,1151712,132390,0.185546,9535,1588,0.001589,1093090,83861,8590,35972,33996,2809,2165,763
electric-sql/electric,https://github.com/electric-sql/electric,SUCCESS,systems-programming,mix,1,14,6,2495605,41.59,88684,1.48,1549920,25.83,3645,258702,635248,75955,0.093907,0,0,0.0,635248,75955,0.093907,17610,8878,0.005312,202439,23860,5534,23585,1993,4920,0,0
evanw/esbuild,https://github.com/evanw/esbuild,SUCCESS,web-development,go-mod,1,5,2,211077,3.52,33559,0.56,55921,0.93,1868,53903,98477,16053,0.016269,0,0,0.0,98477,16053,0.016269,26458,4017,0.004253,67581,3922,1219,5898,0,0,0,0
exelban/stats,https://github.com/exelban/stats,SUCCESS,utilities,xcode,2,13,5,689580,11.49,48508,0.81,169971,2.83,37396,176206,277016,37795,0.04282,546,600,0.010638,277562,38395,0.053458,24696,4111,0.004114,249294,16330,3026,17354,0,0,546,600
expressjs/express,https://github.com/expressjs/express,SUCCESS,web-development,npm,2,33,12,1210579,20.18,35267,0.59,248079,4.13,0,0,366704,86263,0.071176,1926,758,0.017148,368630,87021,0.088324,15943,3782,0.003107,344946,41036,5815,41445,0,0,1926,758
facebook/create-react-app,https://github.com/facebook/create-react-app,SUCCESS,web-development,npm,1,16,7,1335795,22.26,40007,0.67,485309,8.09,1088,210467,291273,65319,0.055255,0,0,0.0,291273,65319,0.055255,22251,4455,0.004007,208016,18151,4614,26299,563,1957,0,0
facebook/memlab,https://github.com/facebook/memlab,SUCCESS,web-development,npm,1,17,7,897886,14.96,39097,0.65,303829,5.06,6203,180049,297412,67072,0.05657,0,0,0.0,297412,67072,0.05657,17841,4821,0.003713,238680,27040,4953,19813,749,3030,0,0
facebook/react,https://github.com/facebook/react,SUCCESS,web-development,yarn,1,24,10,1871184,31.19,0,0.0,610633,10.18,1994,503768,371478,106960,0.079932,0,0,0.0,371478,106960,0.079932,0,0,0.0,160145,29705,9073,52794,3540,8641,0,0
facebookincubator/spectrum,https://github.com/facebookincubator/spectrum,SUCCESS,mobile-development,cmake,2,45,14,2928950,48.82,49101,0.82,961143,16.02,0,766467,1042171,158444,0.167595,1924,682,0.016002,1044095,159126,0.183597,18046,5069,0.003832,711431,46275,12140,68077,2690,9544,1924,682
facebookresearch/Detic,https://github.com/facebookresearch/Detic,FAIL,machine-learning,pip,3,66,27,6750244,112.5,56860,0.95,3192659,53.21,92642,1255175,1451022,294797,0.263021,3400,1427,0.031605,1454422,296224,0.294626,15953,4151,0.003256,934448,114102,18601,124240,8727,20793,3400,1427
facebookresearch/faiss,https://github.com/facebookresearch/faiss,FAIL,machine-learning,cmake,0,0,0,0,0.0,53091,0.88,0,0.0,0,0,57686,8683,0.009242,0,0,0.0,57686,8683,0.009242,23369,4659,0.004201,34317,4024,0,0,0,0,0,0
fastapi/fastapi,https://github.com/fastapi/fastapi,SUCCESS,web-development,poetry,1,3,1,216440,3.61,39177,0.65,103347,1.72,12096,27963,66618,13957,0.012245,0,0,0.0,66618,13957,0.012245,26842,5440,0.00486,39068,3735,708,4782,0,0,0,0
fatedier/frp,https://github.com/fatedier/frp,SUCCESS,devops,go-mod,1,3,1,326392,5.44,69143,1.15,131400,2.19,34063,33792,42681,15447,0.010447,0,0,0.0,42681,15447,0.010447,15284,7613,0.004574,26888,4235,509,3599,0,0,0,0
forkingdog/UITableView-FDTemplateLayoutCell,https://github.com/forkingdog/UITableView-FDTemplateLayoutCell,SUCCESS,mobile-development,cocoapods,1,7,3,392614,6.54,77430,1.29,118124,1.97,8865,93705,91127,25017,0.01912,0,0,0.0,91127,25017,0.01912,16104,7070,0.004438,73075,7864,1948,10083,0,0,0,0
fossasia/badgemagic-app,https://github.com/fossasia/badgemagic-app,FAIL,mobile-development,flutter,3,73,23,4565741,76.1,73048,1.22,955356,15.92,0,1118856,1508254,277455,0.261807,3666,1439,0.032583,1511920,278894,0.29439,16845,6683,0.004358,1083536,110302,18301,100179,4453,9021,3666,1439
freeCodeCamp/devdocs,https://github.com/freeCodeCamp/devdocs,SUCCESS,web-development,bundler,1,17,5,1063611,17.73,64526,1.08,142933,2.38,5543,213852,214047,75581,0.051637,0,0,0.0,214047,75581,0.051637,14976,6058,0.003921,175191,18360,2755,31585,2532,10633,0,0
freedomofpress/dangerzone,https://github.com/freedomofpress/dangerzone,SUCCESS,security,pip,1,6,2,386210,6.44,47993,0.8,96777,1.61,6907,97146,164836,27249,0.027383,0,0,0.0,164836,27249,0.027383,31424,4815,0.005068,113571,10745,1494,9646,0,0,0,0
frenck/home-assistant-config,https://github.com/frenck/home-assistant-config,SUCCESS,utilities,none,2,31,14,3239484,53.99,86015,1.43,1995934,33.27,12100,586720,218849,108252,0.065186,1198,695,0.014019,220047,108947,0.079205,10587,6029,0.00347,194537,37774,9219,61975,0,0,1198,695
glennreyes/graphpack,https://github.com/glennreyes/graphpack,FAIL,web-development,yarn,3,75,23,2772725,46.21,79914,1.33,465314,7.76,0,708697,775325,240022,0.173541,3842,1320,0.031326,779167,241342,0.204867,11108,7313,0.004036,645292,80512,14898,90441,4584,13879,3842,1320
gocircuit/circuit,https://github.com/gocircuit/circuit,SUCCESS,systems-programming,go-mod,1,19,8,1109097,18.48,32606,0.54,88207,1.47,2398,324002,276331,78771,0.059141,0,0,0.0,276331,78771,0.059141,16910,3553,0.003112,237340,23636,4207,24949,2742,8930,0,0
google/closure-library,https://github.com/google/closure-library,SUCCESS,web-development,bazel,3,57,26,2560394,42.67,66784,1.11,319691,5.33,21148,875774,771279,204472,0.158917,3962,1442,0.033516,775241,205914,0.192433,14354,7699,0.004515,666633,69379,16863,94127,1439,4917,3962,1442
google/pebble,https://github.com/google/pebble,FAIL,systems-programming,waf,3,66,28,6499941,108.33,58328,0.97,2393175,39.89,7598,1317867,1900534,323051,0.319274,3912,1346,0.031926,1904446,324397,0.3512,25063,8062,0.005731,1219465,116794,22668,130758,5488,17327,3912,1346
googlesamples/easypermissions,https://github.com/googlesamples/easypermissions,SUCCESS,mobile-development,gradle,1,7,3,674026,11.23,48576,0.81,335669,5.59,44284,108618,182288,30289,0.030344,0,0,0.0,182288,30289,0.030344,27635,4737,0.004658,152636,13734,2017,11818,0,0,0,0
h2oai/h2o-llmstudio,https://github.com/h2oai/h2o-llmstudio,SUCCESS,machine-learning,pip,1,23,10,1965146,32.75,42949,0.72,794893,13.25,2130,446299,701821,122756,0.119285,0,0,0.0,701821,122756,0.119285,22888,6025,0.004699,539848,28015,6893,50821,7477,12368,0,0
hacksider/Deep-Live-Cam,https://github.com/hacksider/Deep-Live-Cam,SUCCESS,machine-learning,pip,1,5,2,881343,14.69,46494,0.77,697553,11.63,18288,64637,52727,17491,0.012269,0,0,0.0,52727,17491,0.012269,13740,5843,0.003711,37887,4662,1100,6986,0,0,0,0
hakimel/reveal.js,https://github.com/hakimel/reveal.js,FAIL,web-development,npm,3,75,8,1297637,21.63,34120,0.57,175314,2.92,0,204120,1129613,132723,0.16605,3541,1370,0.031173,1133154,134093,0.197223,11871,3379,0.002539,1019632,62905,4298,29794,51265,16782,3541,1370
halfrost/LeetCode-Go,https://github.com/halfrost/LeetCode-Go,SUCCESS,education,go-mod,1,10,4,331535,5.53,39768,0.66,41981,0.7,1301,97418,145217,30529,0.026733,0,0,0.0,145217,30529,0.026733,17745,4225,0.003465,118091,7876,2119,12164,0,0,0,0
hbons/SparkleShare,https://github.com/hbons/SparkleShare,FAIL,utilities,meson,3,34,15,4410108,73.5,63720,1.06,2334625,38.91,0,670499,1774239,166546,0.244042,2136,1400,0.027408,1776375,167946,0.27145,12988,6291,0.003815,333502,60359,14440,61418,2419,7999,2136,1400
huggingface/pytorch-image-models,https://github.com/huggingface/pytorch-image-models,FAIL,machine-learning,setuptools,3,55,23,12392641,206.54,44487,0.74,10259374,170.99,7734,1021140,665834,178460,0.137967,3298,1313,0.029589,669132,179773,0.167556,14364,4735,0.00333,599015,70337,14545,95675,582,2772,3298,1313
huiyadanli/RevokeMsgPatcher,https://github.com/huiyadanli/RevokeMsgPatcher,FAIL,utilities,msbuild,3,59,0,1669152,27.82,33440,0.56,0,0.0,0,0,686814,141925,0.125451,3757,1307,0.030876,690571,143232,0.156327,14562,3464,0.002842,672252,138461,0,0,0,0,3757,1307
hustcc/echarts-for-react,https://github.com/hustcc/echarts-for-react,SUCCESS,web-development,npm,1,7,3,335247,5.59,31687,0.53,116226,1.94,3510,70031,63340,25385,0.016488,0,0,0.0,63340,25385,0.016488,11200,4148,0.002779,34321,8371,1783,10079,0,0,0,0
hyperoslo/ImagePicker,https://github.com/hyperoslo/ImagePicker,SUCCESS,mobile-development,swiftpm,2,26,8,1233384,20.56,62799,1.05,207968,3.47,1064,371812,372655,71497,0.065864,1385,673,0.01425,374040,72170,0.080114,17165,4365,0.003462,321305,20862,4458,31786,1684,4176,1385,673
iSoron/uhabits,https://github.com/iSoron/uhabits,SUCCESS,mobile-development,gradle,2,37,14,3499421,58.32,62833,1.05,1702809,28.38,5879,607988,948406,161758,0.159544,1296,675,0.014013,949702,162433,0.173557,21572,6500,0.004757,696929,60591,12604,60713,1525,4346,1296,675
iamkun/dayjs,https://github.com/iamkun/dayjs,SUCCESS,web-development,npm,3,72,23,5484255,91.4,34806,0.58,1922873,32.05,22733,1145934,1399680,272854,0.24911,3853,1325,0.031434,1403533,274179,0.280544,20799,3456,0.003462,1281226,110458,12404,106351,11426,13998,3853,1325
iluwatar/java-design-patterns,https://github.com/iluwatar/java-design-patterns,SUCCESS,education,maven,1,15,3,722506,12.04,54432,0.91,221517,3.69,2024,138409,672776,43756,0.08478,0,0,0.0,672776,43756,0.08478,17344,5980,0.004126,569252,11465,1736,13953,50399,6545,0,0
inbucket/inbucket,https://github.com/inbucket/inbucket,SUCCESS,web-development,go-mod,1,3,1,279544,4.66,73371,1.22,87756,1.46,3598,51760,38929,21551,0.012513,0,0,0.0,38929,21551,0.012513,14200,7928,0.004591,23840,7454,889,6169,0,0,0,0
inkonchain/node,https://github.com/inkonchain/node,SUCCESS,devops,docker-compose,1,17,6,646816,10.78,39142,0.65,89072,1.48,9865,155740,124632,54809,0.034387,0,0,0.0,124632,54809,0.034387,10694,4794,0.002987,108420,29038,3100,16429,2418,4548,0,0
jakevdp/PythonDataScienceHandbook,https://github.com/jakevdp/PythonDataScienceHandbook,SUCCESS,education,pip,2,16,6,932265,15.54,46179,0.77,263333,4.39,3493,185775,250098,70234,0.053103,893,646,0.012369,250991,70880,0.065472,14976,6088,0.003933,150243,27175,3762,23322,582,2395,893,646
jgm/pandoc,https://github.com/jgm/pandoc,FAIL,utilities,cabal,3,71,34,14743946,245.73,59798,1.0,11222351,187.04,3997,1229437,1935803,282980,0.306772,3618,1410,0.032004,1939421,284390,0.338776,21430,4772,0.004052,1422859,104179,24428,118937,11381,9661,3618,1410
jgthms/bulma,https://github.com/jgthms/bulma,SUCCESS,web-development,npm,1,7,3,565478,9.42,61825,1.03,199150,3.32,36629,102093,142704,33310,0.027594,0,0,0.0,142704,33310,0.027594,21715,5072,0.0042,108132,12116,1676,11510,0,0,0,0
jingyaogong/minimind,https://github.com/jingyaogong/minimind,SUCCESS,machine-learning,pip,1,3,1,681788,11.36,28400,0.47,559778,9.33,11085,43541,45255,10202,0.008606,0,0,0.0,45255,10202,0.008606,15880,3586,0.003022,28790,2762,585,3854,0,0,0,0
joelgrus/data-science-from-scratch,https://github.com/joelgrus/data-science-from-scratch,SUCCESS,data-science,pip,1,5,2,372038,6.2,46347,0.77,59728,1.0,7355,171623,48603,26918,0.015627,0,0,0.0,48603,26918,0.015627,12921,4987,0.003287,34513,6917,1169,15014,0,0,0,0
josephg/ShareJS,https://github.com/josephg/ShareJS,SUCCESS,web-development,npm,1,22,10,1430988,23.85,45490,0.76,423200,7.05,3866,322831,319882,114765,0.077894,0,0,0.0,319882,114765,0.077894,14562,4320,0.003184,248615,47862,7227,38636,684,1941,0,0
jschr/bootstrap-modal,https://github.com/jschr/bootstrap-modal,SUCCESS,web-development,bower,1,11,5,307528,5.13,29561,0.49,6589,0.11,1513,143596,164299,31926,0.0292,0,0,0.0,164299,31926,0.0292,18872,2884,0.003041,141448,8857,2307,17953,0,0,0,0
jsor/jcarousel,https://github.com/jsor/jcarousel,SUCCESS,web-development,grunt,1,7,3,401153,6.69,38091,0.63,63567,1.06,9945,135326,109336,27754,0.022035,0,0,0.0,109336,27754,0.022035,18594,2994,0.003057,87446,9710,1426,12887,0,0,0,0
junegunn/vim-plug,https://github.com/junegunn/vim-plug,FAIL,utilities,none,3,64,23,2760093,46.0,33044,0.55,328866,5.48,129729,774192,1071757,203342,0.188512,3273,1342,0.029949,1075030,204684,0.218462,18410,3266,0.003147,993167,99236,13669,83204,3897,10255,3273,1342
kmonad/kmonad,https://github.com/kmonad/kmonad,SUCCESS,systems-programming,stack,2,38,18,4128900,68.81,44098,0.73,2217596,36.96,7616,613472,473651,147806,0.106487,2252,663,0.016701,475903,148469,0.123189,12296,4105,0.002872,362152,29918,10478,52450,12001,32063,2252,663
koral--/android-gif-drawable,https://github.com/koral--/android-gif-drawable,SUCCESS,mobile-development,gradle,2,23,8,1484284,24.74,53202,0.89,413056,6.88,0,358743,726357,92133,0.109489,1672,642,0.014646,728029,92775,0.124135,30286,4882,0.004981,617360,36245,6620,34658,610,2028,1672,642
krahets/hello-algo,https://github.com/krahets/hello-algo,SUCCESS,education,none,1,11,3,721701,12.03,71035,1.18,282055,4.7,4986,136554,157089,37512,0.030714,0,0,0.0,157089,37512,0.030714,16725,5823,0.004002,119551,13083,1911,13778,0,0,0,0
levey/AwesomeMenu,https://github.com/levey/AwesomeMenu,SUCCESS,mobile-development,cocoapods,1,11,5,590797,9.85,55695,0.93,140422,2.34,10932,159294,148292,38027,0.03004,0,0,0.0,148292,38027,0.03004,16884,5597,0.003927,128273,17512,3135,14918,0,0,0,0
liuchengxu/vim-which-key,https://github.com/liuchengxu/vim-which-key,SUCCESS,utilities,none,1,14,5,289196,4.82,44684,0.74,18963,0.32,583,132115,278280,26739,0.038524,0,0,0.0,278280,26739,0.038524,23933,4116,0.00404,251618,7050,2729,15573,0,0,0,0
lostindark/DriverStoreExplorer,https://github.com/lostindark/DriverStoreExplorer,FAIL,utilities,dotnet,3,55,2,1831409,30.52,43829,0.73,0,0.0,0,0,548560,154965,0.116842,4218,1439,0.034239,552778,156404,0.151081,13729,4683,0.003246,534831,150282,0,0,0,0,4218,1439
lstrojny/functional-php,https://github.com/lstrojny/functional-php,SUCCESS,utilities,composer,1,13,7,480546,8.01,31261,0.52,43236,0.72,2809,182926,118985,55434,0.034072,0,0,0.0,118985,55434,0.034072,12714,3812,0.002796,94788,21790,4035,24960,784,2391,0,0
lunarmodules/luasocket,https://github.com/lunarmodules/luasocket,FAIL,systems-programming,luarocks,3,61,24,3475026,57.92,57434,0.96,665743,11.1,53186,1127860,543816,258108,0.157625,3236,1319,0.029493,547052,259427,0.187118,12016,6419,0.003769,479329,117515,12870,116827,1086,2739,3236,1319
macrozheng/mall,https://github.com/macrozheng/mall,FAIL,web-development,maven,3,0,0,18781,0.31,598,0.01,0,0.0,0,0,0,0,0.0,278,956,0.015174,278,956,0.015174,0,0,0.0,0,0,0,0,0,0,278,956
major/MySQLTuner-perl,https://github.com/major/MySQLTuner-perl,SUCCESS,utilities,none,1,7,3,471530,7.86,55755,0.93,70402,1.17,3122,131688,106564,36912,0.025421,0,0,0.0,106564,36912,0.025421,17970,4664,0.003663,86462,20247,2132,12001,0,0,0,0
mamedev/mame,https://github.com/mamedev/mame,SUCCESS,systems-programming,make,2,37,14,5456703,90.95,51062,0.85,4218412,70.31,1395,534585,576599,107571,0.100688,1153,676,0.013599,577752,108247,0.114287,18355,5102,0.003876,548023,44901,10221,57568,0,0,1153,676
mastodon/mastodon-android,https://github.com/mastodon/mastodon-android,SUCCESS,mobile-development,gradle,1,3,1,234769,3.91,42634,0.71,68252,1.14,11428,46018,55426,15226,0.011633,0,0,0.0,55426,15226,0.011633,18262,4980,0.003818,36340,6288,824,3958,0,0,0,0
matter-labs/zksync,https://github.com/matter-labs/zksync,FAIL,systems-programming,cargo,3,50,18,4945318,82.42,55953,0.93,2292124,38.2,0,768334,870405,214579,0.172872,2587,1296,0.027201,872992,215875,0.200073,16489,3995,0.003247,691774,76137,11521,66846,6716,20703,2587,1296
mem0ai/mem0,https://github.com/mem0ai/mem0,FAIL,machine-learning,pip,3,75,22,4147791,69.13,38028,0.63,992708,16.55,38518,747830,1315819,235360,0.225726,3939,1398,0.032787,1319758,236758,0.258513,16933,4124,0.003343,1158151,93309,14775,78674,11717,27233,3939,1398
metalbear-co/mirrord,https://github.com/metalbear-co/mirrord,FAIL,devops,cargo,3,71,27,8667456,144.46,40355,0.67,4470249,74.5,0,1201842,2206214,371446,0.3692,4419,1443,0.034902,2210633,372889,0.404102,31432,3544,0.004561,1718913,165911,29951,112236,9098,24759,4419,1443
microsoft/FluidFramework,https://github.com/microsoft/FluidFramework,FAIL,web-development,pnpm,3,57,26,2398005,39.97,42837,0.71,327692,5.46,0,700073,1342080,237445,0.229186,3171,1369,0.030048,1345251,238814,0.259234,23956,5467,0.004582,1167462,73461,16879,98410,658,2312,3171,1369
microsoft/computervision-recipes,https://github.com/microsoft/computervision-recipes,SUCCESS,machine-learning,pip,2,28,13,1586168,26.44,84198,1.4,130186,2.17,0,586920,497144,118999,0.097314,1964,723,0.016737,499108,119722,0.114051,16635,6430,0.004235,405494,31341,10921,57029,1183,4674,1964,723
microsoft/vscode-copilot-chat,https://github.com/microsoft/vscode-copilot-chat,SUCCESS,utilities,npm,1,14,3,727055,12.12,55037,0.92,347521,5.79,8465,108695,226447,31434,0.035218,0,0,0.0,226447,31434,0.035218,24308,5265,0.004537,190663,9158,1653,11109,637,2112,0,0
microsoft/vscode-extension-samples,https://github.com/microsoft/vscode-extension-samples,SUCCESS,education,npm,1,17,7,680381,11.34,48638,0.81,165404,2.76,17057,223245,206976,49006,0.0403,0,0,0.0,206976,49006,0.0403,15308,4582,0.003364,169417,15389,3762,24596,0,0,0,0
mike-marcacci/node-redlock,https://github.com/mike-marcacci/node-redlock,SUCCESS,utilities,npm,1,24,10,1538133,25.64,29631,0.49,412431,6.87,19684,365268,240946,97666,0.063161,0,0,0.0,240946,97666,0.063161,12603,3803,0.002782,202461,29905,4860,46261,806,1655,0,0
mikenicholson/passport-jwt,https://github.com/mikenicholson/passport-jwt,SUCCESS,security,npm,1,4,1,139960,2.33,39088,0.65,6919,0.12,1566,59052,39316,13125,0.009182,0,0,0.0,39316,13125,0.009182,17330,3984,0.003327,21587,2477,399,6664,0,0,0,0
mil-tokyo/webdnn,https://github.com/mil-tokyo/webdnn,SUCCESS,machine-learning,yarn,1,25,7,1564068,26.07,48208,0.8,463858,7.73,22161,294377,289778,87900,0.064138,0,0,0.0,289778,87900,0.064138,13014,6062,0.003726,246615,28666,3903,27947,3291,8939,0,0
mozilla/cipherscan,https://github.com/mozilla/cipherscan,SUCCESS,security,none,1,6,2,369816,6.16,112470,1.87,12138,0.2,1736,85355,70875,31538,0.019703,0,0,0.0,70875,31538,0.019703,12888,9046,0.004907,49925,8128,1101,8384,4175,2337,0,0
mtdowling/cron-expression,https://github.com/mtdowling/cron-expression,SUCCESS,utilities,composer,2,49,24,3192380,53.21,48167,0.8,248284,4.14,1792,1632050,871458,255738,0.189441,1959,705,0.016452,873417,256443,0.205893,13883,4935,0.003362,539062,79962,14177,117511,3346,11435,1959,705
n8n-io/n8n,https://github.com/n8n-io/n8n,FAIL,web-development,npm,3,72,20,3372897,56.21,53544,0.89,835541,13.93,0,544466,1466890,263310,0.252013,3813,1415,0.032664,1470703,264725,0.284677,27309,6917,0.005498,1347875,143025,15801,62430,5840,13460,3813,1415
newlinedotco/FlappySwift,https://github.com/newlinedotco/FlappySwift,SUCCESS,game-development,none,3,38,15,1613441,26.89,49093,0.82,175790,2.93,5500,554399,519667,123674,0.101436,2957,1287,0.028176,522624,124961,0.129612,15294,4872,0.003478,460210,63970,10653,50290,0,0,2957,1287
nezhahq/nezha,https://github.com/nezhahq/nezha,SUCCESS,devops,go-mod,2,43,17,2306704,38.45,63629,1.06,509970,8.5,2573,722898,1173709,195921,0.195739,1951,695,0.016278,1175660,196616,0.212017,26440,4495,0.004442,1059139,79298,12126,91366,5640,7413,1951,695
nimbusdotstorage/Nimbus,https://github.com/nimbusdotstorage/Nimbus,FAIL,web-development,bun,3,74,26,3901641,65.03,51075,0.85,518683,8.64,0,1057082,1255870,306009,0.247991,3900,1407,0.032805,1259770,307416,0.280796,15059,5286,0.00362,1031027,139739,19951,110551,1726,3496,3900,1407
nlpxucan/WizardLM,https://github.com/nlpxucan/WizardLM,SUCCESS,machine-learning,pip,3,52,23,7645568,127.43,55069,0.92,5972627,99.54,72219,730972,721222,134418,0.125889,2543,1308,0.027249,723765,135726,0.153138,17826,4835,0.003717,690100,54576,13296,75007,0,0,2543,1308
nodejs/node,https://github.com/nodejs/node,SUCCESS,systems-programming,make,1,17,7,2961212,49.35,58947,0.98,2410327,40.17,0,0,327450,54945,0.054723,0,0,0.0,327450,54945,0.054723,26810,4473,0.00447,284726,22468,4249,22441,10469,3586,0,0
nushell/nushell,https://github.com/nushell/nushell,SUCCESS,systems-programming,cargo,1,13,4,1501951,25.03,42830,0.71,1100398,18.34,3088,138998,272673,34921,0.041236,0,0,0.0,272673,34921,0.041236,31482,5303,0.005269,212125,9715,2760,13586,651,2273,0,0
nuxt/nuxt,https://github.com/nuxt/nuxt,SUCCESS,web-development,pnpm,1,8,3,487461,8.12,57415,0.96,193464,3.22,2422,78382,189658,32392,0.031923,0,0,0.0,189658,32392,0.031923,23588,4912,0.004324,144154,11478,2286,11052,0,0,0,0
open-webui/open-webui,https://github.com/open-webui/open-webui,SUCCESS,web-development,npm,1,19,7,1471717,24.53,45812,0.76,659350,10.99,1682,230068,709617,103282,0.112274,0,0,0.0,709617,103282,0.112274,25403,5632,0.004793,397523,30378,5404,28470,5656,20316,0,0
openai/gym,https://github.com/openai/gym,FAIL,machine-learning,setuptools,3,74,33,5326044,88.77,58026,0.97,1865323,31.09,70217,1350064,1555800,297706,0.274662,4141,1345,0.032598,1559941,299051,0.30726,13784,4868,0.003326,943355,89389,23287,136616,4684,16136,4141,1345
openid/AppAuth-iOS,https://github.com/openid/AppAuth-iOS,FAIL,mobile-development,swiftpm,3,54,18,2436660,40.61,45846,0.76,438739,7.31,0,662080,1120294,186397,0.186588,2191,1259,0.025458,1122485,187656,0.212046,21802,3882,0.003733,996414,67220,11930,73399,2039,8407,2191,1259
openkraken/kraken,https://github.com/openkraken/kraken,FAIL,mobile-development,cmake,3,74,21,4135521,68.93,56676,0.94,768720,12.81,0,841572,2570059,301177,0.377477,3877,1360,0.032031,2573936,302537,0.409508,21833,6421,0.004752,1835775,101258,15196,83144,37120,53760,3877,1360
opennextjs/opennextjs-aws,https://github.com/opennextjs/opennextjs-aws,SUCCESS,devops,pnpm,1,9,4,1112885,18.55,46311,0.77,641815,10.7,11870,165067,136349,44115,0.031281,0,0,0.0,136349,44115,0.031281,17335,5727,0.004024,105686,13348,2638,15434,1055,2074,0,0
oven-sh/bun,https://github.com/oven-sh/bun,FAIL,utilities,zig,3,57,23,3049999,50.83,62686,1.04,239159,3.99,0,858768,1116763,211047,0.196095,2667,1311,0.027666,1119430,212358,0.223761,16018,6299,0.004121,924722,94761,20895,73262,13876,7900,2667,1311
pathwaycom/pathway,https://github.com/pathwaycom/pathway,FAIL,data-science,pip,3,70,15,4871492,81.19,80836,1.35,1026279,17.1,0,690594,2232565,362021,0.368065,3864,1434,0.033102,2236429,363455,0.401167,25669,4989,0.004562,2089382,194603,11680,72635,19121,54416,3864,1434
peachananr/onepage-scroll,https://github.com/peachananr/onepage-scroll,SUCCESS,web-development,none,1,13,6,367021,6.12,40534,0.68,18025,0.3,2225,152485,212118,44107,0.038855,0,0,0.0,212118,44107,0.038855,20087,4762,0.003914,184246,15635,3342,21497,0,0,0,0
pentacent/keila,https://github.com/pentacent/keila,SUCCESS,web-development,mix,1,12,5,1457719,24.3,58824,0.98,845412,14.09,2396,273727,454296,41351,0.06197,0,0,0.0,454296,41351,0.06197,24001,5323,0.004529,230333,12026,2734,18891,0,0,0,0
photoprism/photoprism,https://github.com/photoprism/photoprism,SUCCESS,web-development,go-mod,1,13,6,1238194,20.64,40340,0.67,721806,12.03,1087,159618,824993,68220,0.109787,0,0,0.0,824993,68220,0.109787,24151,5966,0.004802,253684,23518,4313,22531,1444,3681,0,0
phpDocumentor/ReflectionDocBlock,https://github.com/phpDocumentor/ReflectionDocBlock,SUCCESS,utilities,composer,1,13,6,498159,8.3,46458,0.77,35928,0.6,3302,179689,105181,47995,0.029716,0,0,0.0,105181,47995,0.029716,12513,4414,0.003017,88955,24628,3713,18953,0,0,0,0
phpbench/phpbench,https://github.com/phpbench/phpbench,SUCCESS,utilities,composer,1,9,3,371687,6.19,77342,1.29,33979,0.57,8844,129030,107973,29027,0.022408,0,0,0.0,107973,29027,0.022408,15911,9583,0.005424,90381,9616,1681,9828,0,0,0,0
pi-hole/pi-hole,https://github.com/pi-hole/pi-hole,SUCCESS,security,none,2,35,11,1357852,22.63,72468,1.21,114267,1.9,3929,479849,318491,108705,0.075331,2037,668,0.016131,320528,109373,0.091462,11641,7342,0.004101,281256,44349,7493,43406,759,1892,2037,668
pikvm/pikvm,https://github.com/pikvm/pikvm,SUCCESS,systems-programming,pip,1,5,2,405039,6.75,78270,1.3,139168,2.32,6952,78671,68228,22192,0.0157,0,0,0.0,68228,22192,0.0157,18235,6575,0.004453,48747,7923,1246,7694,0,0,0,0
pojntfx/weron,https://github.com/pojntfx/weron,SUCCESS,systems-programming,go-mod,1,2,1,156566,2.61,54278,0.9,24573,0.41,802,38672,59055,8456,0.009288,0,0,0.0,59055,8456,0.009288,23866,3456,0.003769,34687,2254,502,2746,0,0,0,0
pola-rs/polars,https://github.com/pola-rs/polars,FAIL,data-science,cargo,3,50,28,12792223,213.2,65146,1.09,9721672,162.03,0,990116,1621347,263017,0.267342,3985,1522,0.034785,1625332,264539,0.302127,28499,6235,0.005344,1547546,119031,21710,114790,4163,9196,3985,1522
probablycorey/wax,https://github.com/probablycorey/wax,SUCCESS,mobile-development,rake,3,58,25,2386677,39.78,57787,0.96,54061,0.9,2114,786157,595155,219494,0.147313,3855,1335,0.03159,599010,220829,0.178903,12676,6415,0.003834,548420,108934,14399,77142,1492,4466,3855,1335
protobuf-net/protobuf-net,https://github.com/protobuf-net/protobuf-net,FAIL,utilities,dotnet,3,7,3,1279537,21.33,45491,0.76,512898,8.55,0,93196,378502,29573,0.049679,784,1061,0.018267,379286,30634,0.067946,17463,5411,0.003911,81862,5165,1899,13361,901,2632,784,1061
psf/requests,https://github.com/psf/requests,SUCCESS,web-development,setuptools,2,36,16,1677554,27.96,37406,0.62,555284,9.25,158179,460877,301167,110871,0.074465,2017,735,0.017076,303184,111606,0.091541,11808,5899,0.00354,252771,37507,8767,62062,0,0,2017,735
py-pdf/pypdf,https://github.com/py-pdf/pypdf,FAIL,utilities,pip,3,67,26,3266128,54.44,52051,0.87,491713,8.2,166424,996061,1052392,217977,0.19243,3484,1354,0.030762,1055876,219331,0.223192,18006,4815,0.003727,1000111,103368,18911,93156,651,4216,3484,1354
pyenv/pyenv,https://github.com/pyenv/pyenv,SUCCESS,utilities,none,1,12,5,493920,8.23,94676,1.58,43641,0.73,415,154797,235143,39863,0.03946,0,0,0.0,235143,39863,0.03946,20232,7009,0.004827,175872,17688,2296,13040,0,0,0,0
pymc-devs/pymc,https://github.com/pymc-devs/pymc,FAIL,scientific-computing,poetry,3,75,35,5642068,94.03,37152,0.62,2545468,42.42,137924,1256556,971070,243070,0.194335,4108,1413,0.033519,975178,244483,0.227854,14728,4259,0.003176,918229,113241,23406,109097,0,0,4108,1413
python-poetry/poetry,https://github.com/python-poetry/poetry,SUCCESS,utilities,poetry,1,8,3,424584,7.08,57495,0.96,77138,1.29,14355,133669,143875,29899,0.026347,0,0,0.0,143875,29899,0.026347,19063,4105,0.003548,109482,9173,2202,12829,591,1249,0,0
qbittorrent/qBittorrent,https://github.com/qbittorrent/qBittorrent,FAIL,systems-programming,cmake,3,61,26,6600787,110.01,40072,0.67,4008385,66.81,0,868035,1929718,292989,0.310167,3018,1391,0.029919,1932736,294380,0.340086,18200,4623,0.003669,1054732,100304,23111,110700,6921,24023,3018,1391
qicosmos/rest_rpc,https://github.com/qicosmos/rest_rpc,SUCCESS,systems-programming,cmake,1,7,3,383166,6.39,43972,0.73,62157,1.04,10028,147570,92070,27744,0.020305,0,0,0.0,92070,27744,0.020305,16437,4607,0.003487,73981,10294,1652,12843,0,0,0,0
quantumlib/Cirq,https://github.com/quantumlib/Cirq,FAIL,scientific-computing,setuptools,3,59,24,4779814,79.66,42161,0.7,2119950,35.33,121711,1046799,1278439,213153,0.213105,4085,1382,0.032985,1282524,214535,0.24609,21881,3657,0.003651,1088497,96016,14345,96175,1171,1870,4085,1382
quasar/Quasar,https://github.com/quasar/Quasar,SUCCESS,security,msbuild,2,35,2,916971,15.28,61028,1.02,14141,0.24,1607,71815,493703,102196,0.090249,2340,613,0.016215,496043,102809,0.106464,17254,6916,0.004492,473321,86291,1495,7380,0,0,2340,613
quinn-rs/quinn,https://github.com/quinn-rs/quinn,SUCCESS,systems-programming,cargo,1,15,7,966956,16.12,34698,0.58,301978,5.03,5820,246277,219993,61270,0.046507,0,0,0.0,219993,61270,0.046507,16642,3304,0.002986,184995,18682,3792,25425,1392,4480,0,0
rangle/augury,https://github.com/rangle/augury,SUCCESS,web-development,npm,1,13,6,1138875,18.98,29579,0.49,694544,11.58,21289,154729,152995,54535,0.037114,0,0,0.0,152995,54535,0.037114,15274,3993,0.003125,127143,17629,2899,22755,1249,4965,0,0
rapidsai/cudf,https://github.com/rapidsai/cudf,FAIL,data-science,cmake,3,63,29,10305906,171.77,59587,0.99,7500027,125.0,0,1328559,1615009,248479,0.260893,3109,1505,0.031902,1618118,249984,0.292795,27426,6493,0.00534,1275948,93614,26171,123616,0,0,3109,1505
rasbt/machine-learning-book,https://github.com/rasbt/machine-learning-book,FAIL,education,conda,3,0,0,27354,0.46,673,0.01,0,0.0,0,0,0,0,0.0,278,977,0.015489,278,977,0.015489,0,0,0.0,0,0,0,0,0,0,278,977
rasta-mouse/Sherlock,https://github.com/rasta-mouse/Sherlock,FAIL,security,none,3,67,11,2401817,40.03,33243,0.55,166302,2.77,12186,545262,1019815,177453,0.172963,3469,1326,0.030297,1023284,178779,0.20326,18697,3387,0.003224,988107,111745,6937,56313,5252,3986,3469,1326
rclone/rclone,https://github.com/rclone/rclone,SUCCESS,utilities,go-mod,1,3,1,159019,2.65,42616,0.71,54783,0.91,583,22265,77127,10906,0.012075,0,0,0.0,77127,10906,0.012075,24071,4782,0.00432,52307,3673,749,2451,0,0,0,0
react-native-config/react-native-config,https://github.com/react-native-config/react-native-config,SUCCESS,mobile-development,npm,1,12,5,815489,13.59,59494,0.99,152475,2.54,11798,347508,162559,43524,0.033666,0,0,0.0,162559,43524,0.033666,17419,5658,0.004005,141767,12729,2423,23232,0,0,0,0
reactopt/reactopt,https://github.com/reactopt/reactopt,SUCCESS,utilities,npm,2,22,9,2127621,35.46,51324,0.86,951830,15.86,59395,458233,189358,89930,0.054908,1117,644,0.013011,190475,90574,0.067919,11610,4901,0.003121,160080,35890,5077,36530,3491,7088,1117,644
reagent-project/reagent,https://github.com/reagent-project/reagent,SUCCESS,web-development,leiningen,1,7,2,659876,11.0,70631,1.18,386159,6.44,9257,82934,146571,24805,0.024579,0,0,0.0,146571,24805,0.024579,22650,7623,0.005314,117517,6862,1311,8267,0,0,0,0
refactory-id/bootstrap-markdown,https://github.com/refactory-id/bootstrap-markdown,SUCCESS,web-development,bower,1,6,3,427411,7.12,78616,1.31,25929,0.43,7738,197507,55300,26802,0.016251,0,0,0.0,55300,26802,0.016251,12947,5238,0.00339,40872,7224,1481,14340,0,0,0,0
resume/resume.github.com,https://github.com/resume/resume.github.com,SUCCESS,web-development,none,1,6,2,265171,4.42,42753,0.71,21210,0.35,722,113424,37989,24033,0.013412,0,0,0.0,37989,24033,0.013412,10467,4456,0.002829,23922,5399,1097,11714,0,0,0,0
roboticcam/machine-learning-notes,https://github.com/roboticcam/machine-learning-notes,SUCCESS,education,none,1,8,3,397896,6.63,40208,0.67,33858,0.56,3905,157842,315583,29639,0.043414,0,0,0.0,315583,29639,0.043414,62013,2975,0.007391,249451,8390,1750,14764,0,0,0,0
roncoo/roncoo-pay,https://github.com/roncoo/roncoo-pay,SUCCESS,web-development,maven,1,18,6,1178767,19.65,64119,1.07,164932,2.75,5142,401898,476884,86659,0.082352,0,0,0.0,476884,86659,0.082352,23855,7996,0.005584,363788,30690,3712,36053,749,2199,0,0
rubickCenter/rubick,https://github.com/rubickCenter/rubick,FAIL,utilities,npm,3,72,34,6135392,102.26,81564,1.36,1739292,28.99,0,1528583,1223745,373560,0.271798,3677,1305,0.030606,1227422,374865,0.302405,14665,7589,0.004502,985273,134682,25958,138353,5898,19025,3677,1305
ruby-grape/grape,https://github.com/ruby-grape/grape,SUCCESS,web-development,bundler,1,20,8,1264705,21.08,82770,1.38,171344,2.86,5172,361440,222123,75390,0.052368,0,0,0.0,222123,75390,0.052368,13610,5713,0.003646,183882,30237,4417,32012,0,0,0,0
rubygems/bundler,https://github.com/rubygems/bundler,SUCCESS,utilities,gem,1,6,2,402059,6.7,62855,1.05,48128,0.8,4331,102155,118234,24234,0.021517,0,0,0.0,118234,24234,0.021517,22002,5389,0.004356,95155,10932,1077,7913,0,0,0,0
rust-lang/git2-rs,https://github.com/rust-lang/git2-rs,FAIL,systems-programming,cargo,3,65,30,4145949,69.1,47878,0.8,277014,4.62,5447,1218486,1434792,324851,0.27342,3139,1443,0.031062,1437931,326294,0.304482,21622,4681,0.004035,1284869,126290,20545,105992,5666,17674,3139,1443
rvaiya/keyd,https://github.com/rvaiya/keyd,SUCCESS,systems-programming,make,1,7,3,322934,5.38,44632,0.74,40378,0.67,3271,84335,159193,27781,0.027032,0,0,0.0,159193,27781,0.027032,30354,3844,0.004573,120340,11122,1696,9078,0,0,0,0
s3fs-fuse/s3fs-fuse,https://github.com/s3fs-fuse/s3fs-fuse,SUCCESS,systems-programming,make,1,3,1,206435,3.44,75061,1.25,39354,0.66,2012,49104,47938,12883,0.009947,0,0,0.0,47938,12883,0.009947,16490,5554,0.003871,30896,3268,552,4061,0,0,0,0
s3tools/s3cmd,https://github.com/s3tools/s3cmd,SUCCESS,utilities,setuptools,1,3,1,106559,1.78,49577,0.83,11001,0.18,1076,15104,25831,7191,0.005459,0,0,0.0,25831,7191,0.005459,11128,3757,0.002616,14203,2178,500,1256,0,0,0,0
sbt/sbt,https://github.com/sbt/sbt,FAIL,utilities,sbt,3,69,20,3692382,61.54,68554,1.14,968970,16.15,3200,793166,1810637,236103,0.275505,3811,1478,0.033603,1814448,237581,0.309108,22211,4986,0.004215,1396897,96926,13126,78227,21235,18555,3811,1478
scrapinghub/portia,https://github.com/scrapinghub/portia,FAIL,web-development,setuptools,3,72,27,4908522,81.81,28448,0.47,2114673,35.24,0,883381,2210188,322636,0.350073,3905,1391,0.03258,2214093,324027,0.382653,14587,4677,0.003329,1017742,96989,20462,113021,14419,33966,3905,1391
shadowsocks/shadowsocks-windows,https://github.com/shadowsocks/shadowsocks-windows,FAIL,security,msbuild,3,57,5,1884765,31.41,50578,0.84,0,0.0,0,19297,1033755,168313,0.170701,4748,1343,0.034389,1038503,169656,0.20509,20309,5010,0.004035,1012826,160912,620,2391,0,0,4748,1343
sharmajv/vpn,https://github.com/sharmajv/vpn,SUCCESS,mobile-development,none,2,29,13,1312050,21.87,32947,0.55,99885,1.66,5291,499358,1137858,93069,0.151013,1944,741,0.016947,1139802,93810,0.16796,40336,4384,0.005787,1061705,41687,8647,38276,633,2594,1944,741
sherlock-project/sherlock,https://github.com/sherlock-project/sherlock,SUCCESS,security,none,1,6,3,287458,4.79,44326,0.74,23438,0.39,2264,103427,42193,23861,0.013764,0,0,0.0,42193,23861,0.013764,10956,4891,0.003052,29418,9341,1819,9629,0,0,0,0
sinonjs/sinon,https://github.com/sinonjs/sinon,FAIL,utilities,npm,3,68,29,3802506,63.38,42499,0.71,926220,15.44,19922,1246051,1582328,256150,0.260693,3429,1318,0.030057,1585757,257468,0.29075,22687,4917,0.004235,1363150,86510,19097,123611,3098,4673,3429,1318
spaceandtimefdn/blitzar,https://github.com/spaceandtimefdn/blitzar,SUCCESS,security,bazel,1,11,5,544029,9.07,38429,0.64,144090,2.4,12269,165535,146626,44026,0.032273,0,0,0.0,146626,44026,0.032273,14970,4827,0.003428,110202,14478,3348,18731,967,3036,0,0
spieglt/FlyingCarpet,https://github.com/spieglt/FlyingCarpet,SUCCESS,utilities,cargo,2,48,19,7824704,130.41,41162,0.69,3865738,64.43,18006,856760,1712355,173214,0.240521,1820,742,0.01659,1714175,173956,0.257111,20869,5465,0.004273,905305,58137,14031,78944,2144,5835,1820,742
spinnaker/spinnaker,https://github.com/spinnaker/spinnaker,FAIL,devops,gradle,3,67,31,10896035,181.6,61781,1.03,7397121,123.29,0,1322345,1871771,258172,0.290446,3847,1581,0.035256,1875618,259753,0.325702,23141,5569,0.004542,1413643,99040,26772,121080,1375,3918,3847,1581
spring-projects/spring-framework,https://github.com/spring-projects/spring-framework,SUCCESS,web-development,gradle,2,31,10,2345453,39.09,49387,0.82,257771,4.3,0,0,538792,103560,0.095303,1010,656,0.01287,539802,104216,0.108173,19469,3951,0.003527,480227,38511,7083,38341,1187,5070,1010,656
sqlmapproject/sqlmap,https://github.com/sqlmapproject/sqlmap,SUCCESS,security,none,1,3,1,142198,2.37,61043,1.02,11090,0.18,3142,21341,65760,10659,0.01084,0,0,0.0,65760,10659,0.01084,23466,5864,0.004692,41701,2506,593,2289,0,0,0,0
ssloy/tinyraycaster,https://github.com/ssloy/tinyraycaster,SUCCESS,education,cmake,1,5,2,263348,4.39,66257,1.1,67915,1.13,3634,64504,42436,15659,0.010507,0,0,0.0,42436,15659,0.010507,12296,5172,0.003298,28843,5417,1297,5070,0,0,0,0
stlink-org/stlink,https://github.com/stlink-org/stlink,SUCCESS,systems-programming,cmake,1,14,3,494296,8.24,56312,0.94,149161,2.49,1258,107432,310355,29617,0.042882,0,0,0.0,310355,29617,0.042882,21291,4346,0.003867,223548,12063,1792,10867,0,0,0,0
strapi/strapi,https://github.com/strapi/strapi,FAIL,web-development,yarn,3,61,27,2888406,48.14,42543,0.71,150648,2.51,0,1283260,1230440,262815,0.22817,2863,1384,0.029349,1233303,264199,0.257519,21141,4823,0.004043,1160573,79004,19124,129419,2764,3873,2863,1384
styled-components/styled-components,https://github.com/styled-components/styled-components,SUCCESS,web-development,pnpm,2,21,10,1444679,24.08,26790,0.45,455180,7.59,2279,329482,515691,94768,0.089476,1303,647,0.013614,516994,95415,0.10309,22170,3571,0.003645,372939,25277,6199,35714,2113,6959,1303,647
sveltejs/svelte,https://github.com/sveltejs/svelte,FAIL,web-development,pnpm,3,63,28,4029387,67.16,31740,0.53,530249,8.84,0,1370556,1140944,293090,0.23133,2904,1303,0.028257,1143848,294393,0.259587,18864,4332,0.003619,1066157,104428,18349,120547,5649,16187,2904,1303
taigaio/taiga-docker,https://github.com/taigaio/taiga-docker,SUCCESS,devops,docker,1,7,2,300735,5.01,33460,0.56,16840,0.28,2184,90767,54220,22909,0.014586,0,0,0.0,54220,22909,0.014586,11386,4423,0.002908,41532,10016,1302,8470,0,0,0,0
tensorflow/privacy,https://github.com/tensorflow/privacy,FAIL,machine-learning,setuptools,3,62,27,5240712,87.35,55476,0.92,2756158,45.94,162555,1025287,814560,207128,0.164307,3387,1330,0.030111,817947,208458,0.194418,15577,6542,0.004175,739661,79935,15623,104963,1883,3176,3387,1330
tensorflow/tensorflow,https://github.com/tensorflow/tensorflow,SUCCESS,machine-learning,bazel,1,24,12,2461035,41.02,79756,1.33,1069115,17.82,0,0,691944,90683,0.105468,0,0,0.0,691944,90683,0.105468,24562,6383,0.005009,506694,39670,14782,31020,1943,3781,0,0
thomasp85/gganimate,https://github.com/thomasp85/gganimate,FAIL,data-science,none,3,49,21,10145211,169.09,56190,0.94,7618694,126.98,0,1107448,1252285,196007,0.203631,2664,1275,0.027117,1254949,197282,0.230748,13126,4161,0.002977,453690,55044,14185,93175,4120,12225,2664,1275
tickstep/aliyunpan,https://github.com/tickstep/aliyunpan,SUCCESS,utilities,go-mod,1,5,2,223406,3.72,27907,0.47,50515,0.84,1981,56836,101766,15529,0.016388,0,0,0.0,101766,15529,0.016388,21108,3253,0.003412,75143,4877,1401,5565,0,0,0,0
tidyverse/dplyr,https://github.com/tidyverse/dplyr,FAIL,data-science,none,3,68,31,8504025,141.73,47193,0.79,5071524,84.53,21855,1727263,1884851,281053,0.300906,3564,1350,0.030942,1888415,282403,0.331848,18648,4529,0.003676,1064764,79448,18400,149582,3187,8931,3564,1350
tldev/posturr,https://github.com/tldev/posturr,FAIL,utilities,swiftpm,3,47,23,1997740,33.3,50921,0.85,134475,2.24,0,605599,593869,159289,0.123103,1784,1288,0.024672,595653,160577,0.147775,14640,3311,0.002788,517311,74634,13664,67320,857,3870,1784,1288
tmux/tmux,https://github.com/tmux/tmux,SUCCESS,systems-programming,make,1,7,3,462398,7.71,63130,1.05,178279,2.97,4774,110782,120247,25196,0.022103,0,0,0.0,120247,25196,0.022103,19711,6083,0.004404,98443,8121,2093,10992,0,0,0,0
tobychui/zoraxy,https://github.com/tobychui/zoraxy,SUCCESS,systems-programming,go-mod,1,5,2,602319,10.04,61627,1.03,403599,6.73,4219,31024,107668,18262,0.018072,0,0,0.0,107668,18262,0.018072,22243,6400,0.004784,84384,8963,1041,2899,0,0,0,0
tporadowski/redis,https://github.com/tporadowski/redis,FAIL,systems-programming,msbuild,3,52,2,1564410,26.07,73073,1.22,1322,0.02,0,107238,754448,147935,0.134619,2442,1254,0.026136,756890,149189,0.160755,17848,9046,0.005403,735466,123197,1134,15692,0,0,2442,1254
turbulenz/turbulenz_engine,https://github.com/turbulenz/turbulenz_engine,SUCCESS,game-development,make,2,29,11,4714974,78.58,59162,0.99,3613066,60.22,3636,545861,368172,94478,0.074608,706,628,0.011538,368878,95106,0.086146,16803,4884,0.003634,343273,31082,6211,54377,0,0,706,628
umami-software/umami,https://github.com/umami-software/umami,SUCCESS,web-development,pnpm,3,53,16,2178410,36.31,37618,0.63,687787,11.46,15666,582453,3081061,173697,0.377585,3513,1417,0.031794,3084574,175114,0.409379,17578,5823,0.004087,2547849,62386,14294,84015,500420,19394,3513,1417
ventoy/Ventoy,https://github.com/ventoy/Ventoy,SUCCESS,utilities,make,3,36,15,2944644,49.08,60853,1.01,432751,7.21,10155,641302,671004,183983,0.140694,2823,1453,0.030264,673827,185436,0.170958,18676,8972,0.005456,604291,48307,10447,68728,6394,20788,2823,1453
vfsfitvnm/ViMusic,https://github.com/vfsfitvnm/ViMusic,SUCCESS,mobile-development,gradle,1,18,5,1181632,19.69,44016,0.73,486393,8.11,1564,196833,275710,61908,0.052334,0,0,0.0,275710,61908,0.052334,19351,4585,0.003769,230849,27190,5154,17817,1283,3526,0,0
vuematerial/vue-material,https://github.com/vuematerial/vue-material,SUCCESS,web-development,npm,1,12,6,878957,14.65,46271,0.77,306079,5.1,8725,197309,282742,61853,0.053015,0,0,0.0,282742,61853,0.053015,24814,5238,0.004577,238751,15519,3011,24725,760,1940,0,0
weareoutman/clockpicker,https://github.com/weareoutman/clockpicker,SUCCESS,web-development,npm,1,15,7,637409,10.62,40549,0.68,129746,2.16,1830,140359,303771,66280,0.056889,0,0,0.0,303771,66280,0.056889,20173,4497,0.003816,238008,22110,4570,20447,661,2037,0,0
x64dbg/x64dbg,https://github.com/x64dbg/x64dbg,FAIL,security,cmake,0,0,1,0,0.0,49316,0.82,10362,0.17,0,38247,96011,19258,0.017304,0,0,0.0,96011,19258,0.017304,23013,5015,0.004307,68766,6882,779,3169,751,1526,0,0
xai-org/grok-1,https://github.com/xai-org/grok-1,FAIL,machine-learning,pip,0,0,0,0,0.0,0,0.0,0,0.0,0,0,0,0,0.0,0,0,0.0,0,0,0.0,0,0,0.0,0,0,0,0,0,0,0,0
xamarin/XamarinComponents,https://github.com/xamarin/XamarinComponents,FAIL,mobile-development,cake,3,30,8,2110241,35.17,32403,0.54,446584,7.44,0,471437,686076,117500,0.115608,2546,1364,0.028098,688622,118864,0.143706,8559,1582,0.001489,526960,58883,6650,37526,558,1665,2546,1364
xdissent/ievms,https://github.com/xdissent/ievms,SUCCESS,devops,none,1,15,7,692172,11.54,62798,1.05,36674,0.61,2253,258320,234179,51075,0.043848,0,0,0.0,234179,51075,0.043848,18411,3980,0.003433,204356,16151,3843,23306,821,2517,0,0
xl7dev/WebShell,https://github.com/xl7dev/WebShell,SUCCESS,security,none,3,65,26,2925390,48.76,53654,0.89,87217,1.45,8189,1064423,1500257,264154,0.255687,4001,1347,0.032208,1504258,265501,0.287895,24810,5937,0.004856,1439065,122778,18142,109441,1692,5419,4001,1347
xyflow/xyflow,https://github.com/xyflow/xyflow,SUCCESS,web-development,pnpm,2,30,12,2033520,33.89,80304,1.34,462874,7.71,5560,520097,500362,136464,0.104622,1307,711,0.014586,501669,137175,0.119208,17293,6673,0.004398,413687,53683,9864,51028,581,1974,1307,711
zaach/jsonlint,https://github.com/zaach/jsonlint,SUCCESS,utilities,npm,1,17,5,614300,10.24,37382,0.62,29092,0.48,7642,161780,230991,65346,0.049237,0,0,0.0,230991,65346,0.049237,15017,4192,0.003178,210656,37968,2762,18624,2556,4562,0,0
zen-browser/desktop,https://github.com/zen-browser/desktop,SUCCESS,utilities,cargo,2,49,22,4582895,76.38,68344,1.14,1918623,31.98,7970,1044685,1377490,233532,0.231162,2007,739,0.017106,1379497,234271,0.248268,21772,6025,0.004587,1096344,82493,22845,96639,4533,13116,2007,739
ziglang/zig,https://github.com/ziglang/zig,FAIL,systems-programming,zig,3,67,29,12153500,202.56,45341,0.76,9177996,152.97,0,1108871,1254291,244479,0.223221,3835,1509,0.03414,1258126,245988,0.257361,25950,6520,0.005203,1157609,115013,20666,103483,628,1783,3835,1509
zxing/zxing,https://github.com/zxing/zxing,SUCCESS,utilities,maven,1,5,2,410369,6.84,50590,0.84,129472,2.16,1820,79564,75559,21229,0.016047,0,0,0.0,75559,21229,0.016047,16554,4707,0.003538,52717,6937,1136,5777,577,1373,0,0
